Unperturbed generated text,Perturbed generated text
"<|endoftext|>In summary, the study found that the number of people who were obese in the United States increased from 1.3 million in 1980 to 2.1 million in 2010. The number of obese people increased from 1.6 million in 1980 to 2.7 million","<|endoftext|>In summary, the study found that the number of people who were obese in the United States increased from 1.3 million in 1980 to 2.1 million in 2010. The number of obese people in the United States increased from 1.3 million in 1980 to"
"<|endoftext|>This essay discusses the role of the state in the development of the modern state. It is based on the work of the late Professor of Political Science, Professor of Economics, and Professor of History, John M. O'Sullivan. The state is a social","<|endoftext|>This essay discusses the role of the state in the development of the state of Israel. It is based on the work of the Israeli historian, Prof. Avi Shlaim, and the work of Prof. Avi Shlaim and Prof. Avi Shlaim and"
"<|endoftext|>Views on the issue of whether the United States should intervene in Syria have been mixed. Some Republicans, including Sen. John McCain (R-Ariz.), have said the United States should not intervene in Syria, while others, including Sen. Lindsey Graham (R","<|endoftext|>Views on the issue of whether the law should be changed are divided along party lines. The law, which was passed in 2012, requires that all state agencies, including the state police, state fire marshals and state parks, adopt policies that prohibit discrimination"
<|endoftext|>The connection between the two is not just a matter of the two countries' economic interests. It is also a matter of the two countries' values. The United States is a country that values freedom and democracy. It is a country that values the rule,"<|endoftext|>The connection between the two is not just a matter of money. The two are also connected by a common bond. ""I think it's a very important bond,"" said Mr. Karp, who is also a partner at the law firm of K"
"<|endoftext|>Foundational to this is the fact that the world is not a single entity. It is a collection of individuals, groups, and nations. The world is not a single entity, but rather a collection of nations, states, and nations. The world is not a",<|endoftext|>Foundational to this is the idea that the human mind is a complex system of interconnected systems. The human mind is a complex system of interconnected systems. The human mind is a complex system of interconnected systems. The human mind is a complex system of interconnected systems. The human mind
"<|endoftext|>To review, the following is a list of the most common types of ""fraudulent"" or ""malicious"" software used to steal money from banks and other financial institutions. The following is a list of the most common types of ""fraudulent","<|endoftext|>To review, the following is a transcript of a speech given by President Obama on the occasion of the 50th anniversary of the passage of the Civil Rights Act of 1964. Thank you, Mr. Speaker, for the opportunity to speak today. I"
"<|endoftext|>In brief, the new version of the Windows 10 Creators Update includes a number of improvements to the Windows Store, including a new version of the Windows Store app, a new version of the Windows Store app for Windows 10 Mobile, and a new version of the Windows","<|endoftext|>In brief, the law requires that the state provide a minimum of $1,000 in funding for each child in a foster care system. The law also requires that the state provide a minimum of $1,000 in funding for each child in a foster care system"
"<|endoftext|>An illustration of the new ""super-sized"" solar panels that will be installed on the roof of the new solar farm in the town of Krakow, Poland. (Photo: Krakow Solar Farm) The solar farm in Poland is about to","<|endoftext|>An illustration of the new law, which will be implemented in the coming months, will allow the government to ban the sale of alcohol to minors. The law, which will be implemented in the coming months, will allow the government to ban the sale of alcohol"
"<|endoftext|>Furthermore, the study found that the number of people who were obese in the United States increased from 1.3 million in 1980 to 2.1 million in 2010. ""The increase in obesity rates is not due to a change in the number of obese","<|endoftext|>Furthermore, the court found that the state's law was not unconstitutional because it did not violate the Constitution's guarantee of equal protection. The court also ruled that the state's law was not unconstitutional because it did not violate the Constitution's guarantee of equal protection"
"<|endoftext|>The central theme of the book is that the United States is not a democracy, but a dictatorship. The book is a critique of the American political system, and the author's argument is that the United States is a dictatorship because it is a dictatorship. The","<|endoftext|>The central theme of the book is that the United States is not a democracy, but a dictatorship. The book is a critique of the American political system, and the author's argument is that the United States is a dictatorship because it is a dictatorship. The"
"<|endoftext|>To conclude, I would like to say that I am very grateful to the people who have supported me in my journey. I am very grateful to my family, friends, and colleagues. I am very grateful to my fans. I am very grateful to my fans for","<|endoftext|>To conclude, the evidence suggests that the evidence of the evidence of the evidence of the evidence of the evidence of the evidence of the evidence of the evidence of the evidence of the evidence of the evidence evidence evidence evidence evidence evidence evidence evidence evidence evidence evidence evidence evidence evidence evidence"
"<|endoftext|>The key aspect of the new law is that it will allow the government to impose a minimum wage of $15 an hour, which is higher than the $10.10 an hour that the federal minimum wage is set to be in 2017. The government has","<|endoftext|>The key aspect of the new law is that it will allow the government to impose a maximum fine of $10,000 on anyone who fails to pay a fine. The government says it will also introduce a new offence of ""unlawful possession"" of"
"<|endoftext|>Prior to this year's election, the Republican Party had a clear advantage in the state of Ohio. The GOP had a majority in both houses of the state legislature, and the governor was a Republican. But in the last few weeks, the GOP has lost","<|endoftext|>Prior to this year, the U.S. had the highest rate of gun violence in the world. The U.S. has the highest rate of gun violence in the world. The U.S. has the highest rate of gun violence"
<|endoftext|>Emphasised are the differences between the two groups. The study found that the majority of people who had been diagnosed with depression were not taking any medication. The study also found that people who had been diagnosed with depression were more likely to be taking antidepressants,<|endoftext|>Emphasised are the differences between the two types of legislation. The legislation is designed to protect the rights of the individual and to protect the public from the misuse of drugs. The legislation is designed to protect the rights of the individual and to protect the
"<|endoftext|>To summarise, the main problem with the current system is that it is not designed to deal with the problem of the ""unfair"" distribution of income. The system is designed to deal with the problem of the ""unfair"" distribution of income.","<|endoftext|>To summarise, the main problem with the current system is that it is not sufficiently transparent. The government has no legal authority to regulate the financial sector, and the law does not provide for a regulator to enforce the law. The law does not provide for a regulator"
"<|endoftext|>The relationship between the United States and Israel is one of the most important in the world. The United States has been Israel's closest ally since the end of World War II. The two countries have been at odds over the years over the Middle East, the Middle","<|endoftext|>The relationship between the United States and the Islamic State is complicated. The United States has been at war with the Islamic State for more than a decade, and the Islamic State has been at war with the United States for more than a decade. The United States has"
"<|endoftext|>More importantly, the new rules will allow the government to use the money to pay for the cost of the new rail line, which will be built by the private sector. The government has already spent $1.5 billion on the line, which will run","<|endoftext|>More importantly, the court's decision will allow the state to continue to prosecute people who have been convicted of crimes that were not felonies. ""This is a victory for the people of New Jersey,"" said Attorney General Christopher Porrino. ""We will"
<|endoftext|>It has been shown that the brain is able to process information in a way that is not easily explained by the brain's usual processes. This is because the brain is able to process information in a way that is not easily explained by the brain's usual processes.,"<|endoftext|>It has been shown that the brain is able to process information in a way that is not necessarily the same as what is being processed by the body. This is known as the ""neural plasticity"" hypothesis. The brain is able to process information in a"
"<|endoftext|>The issue focused on the use of the term ""white privilege"" to describe the privilege of being white. The issue focused on the use of the term ""white privilege"" to describe the privilege of being white. The issue focused on the use of the","<|endoftext|>The issue focused on the constitutionality of the law, which was passed in 2012. The court ruled that the law violated the constitution's guarantee of equal protection under the law. The court also ruled that the law violated the right to privacy."
"<|endoftext|>In this essay, I will discuss the role of the state in the development of the modern state. I will argue that the state is not a necessary condition for the development of the modern state, but rather a necessary condition for the development of the modern state. I","<|endoftext|>In this essay, I will discuss the role of the state in the development of the state of Israel. I will argue that the state of Israel is not a state of the Jews, but rather a state of the state of Israel. I will argue that the state"
,
,
,
,
982.8496704,
10890.18359,