Unperturbed generated text,Perturbed generated text,Loss
"<|endoftext|>In summary, the study found that the number of people who were obese in the United States increased from 1.3 million in 1980 to 2.1 million in 2010. The number of obese people increased from 1.6 million in 1980 to 2.7 million","<|endoftext|>In summary, the study found that the number of people who were arrested for marijuana possession in the state of Colorado increased by more than 50 percent between 2010 and 2014. The study, which was conducted by the Colorado Department of Public Safety, found that the",2.952471256
"<|endoftext|>This essay discusses the role of the state in the development of the modern state. It is based on the work of the late Professor of Political Science, Professor of Economics, and Professor of History, John M. O'Sullivan. The state is a social",<|endoftext|>This essay discusses the role of the state in the criminal justice system. It is not intended to be legal advice. The criminal justice system is a complex system of law and justice that is administered by the courts and the state. The criminal justice system is governed,3.831526995
"<|endoftext|>Views on the issue of whether the United States should intervene in Syria have been mixed. Some Republicans, including Sen. John McCain (R-Ariz.), have said the United States should not intervene in Syria, while others, including Sen. Lindsey Graham (R","<|endoftext|>Views on the issue are divided along party lines. The Senate is expected to vote on the bill on Thursday, but it is unclear whether it will pass the House. The bill would allow states to opt out of federal law enforcement agencies' use",2.15828824
<|endoftext|>The connection between the two is not just a matter of the two countries' economic interests. It is also a matter of the two countries' values. The United States is a country that values freedom and democracy. It is a country that values the rule,<|endoftext|>The connection between the two is so strong that the two have been known to share a common ancestor. The two are the only two species of the genus Pteropus that are known to have a common ancestor. The two are the only two,7.875704288
"<|endoftext|>Foundational to this is the fact that the world is not a single entity. It is a collection of individuals, groups, and nations. The world is not a single entity, but rather a collection of nations, states, and nations. The world is not a","<|endoftext|>Foundational to this is the idea that the law is not the law, but the law is the law. The law is the law, and the law is law law law law law law law law law law law law law law law law law law law law law law law",-0.6845511794
"<|endoftext|>To review, the following is a list of the most common types of ""fraudulent"" or ""malicious"" software used to steal money from banks and other financial institutions. The following is a list of the most common types of ""fraudulent","<|endoftext|>To review, we will start with the most important part of the law: the law of the law of the law. The law of the law of the law is the law of the law. The law of the law of the law is the",0.9168740511
"<|endoftext|>In brief, the new version of the Windows 10 Creators Update includes a number of improvements to the Windows Store, including a new version of the Windows Store app, a new version of the Windows Store app for Windows 10 Mobile, and a new version of the Windows","<|endoftext|>In brief, the law requires that the state's attorney general investigate any law enforcement agency that fails to comply with a court order to turn over evidence. The law also requires that the attorney general investigate any law enforcement agency that fails to comply with a court order",0.004113895353
"<|endoftext|>An illustration of the new ""super-sized"" solar panels that will be installed on the roof of the new solar farm in the town of Krakow, Poland. (Photo: Krakow Solar Farm) The solar farm in Poland is about to","<|endoftext|>An illustration of the new law, which will be implemented in law by the end of the year, will allow the government to ban the sale of alcohol to minors. The law, which will be implemented in law by the end of the year, will allow",2.921241522
"<|endoftext|>Furthermore, the study found that the number of people who were obese in the United States increased from 1.3 million in 1980 to 2.1 million in 2010. ""The increase in obesity rates is not due to a change in the number of obese","<|endoftext|>Furthermore, the court found that the state's law was not unconstitutional because it did not violate the Constitution's guarantee of equal protection. The court also ruled that the law was constitutional because it was not a violation of the state constitution's ban on discrimination based",5.46882534
"<|endoftext|>The central theme of the book is that the United States is not a democracy, but a dictatorship. The book is a critique of the American political system, and the author's argument is that the United States is a dictatorship because it is a dictatorship. The","<|endoftext|>The central theme of the book is that the state of the law is not the law of the law, but the law of the law of law law law law law law law law law law law law law law law law law law law law law law law law law",-0.6805411577
"<|endoftext|>To conclude, I would like to say that I am very grateful to the people who have supported me in my journey. I am very grateful to my family, friends, and colleagues. I am very grateful to my fans. I am very grateful to my fans for","<|endoftext|>To conclude, the evidence suggests that the evidence of the evidence evidence evidence evidence evidence evidence evidence evidence evidence evidence evidence evidence evidence evidence evidence evidence evidence evidence evidence evidence evidence evidence evidence evidence evidence evidence evidence evidence evidence evidence evidence evidence evidence evidence evidence evidence evidence evidence evidence evidence evidence evidence",0.00737006776
"<|endoftext|>The key aspect of the new law is that it will allow the government to impose a minimum wage of $15 an hour, which is higher than the $10.10 an hour that the federal minimum wage is set to be in 2017. The government has","<|endoftext|>The key aspect of the new law is that it will allow the government to impose fines of up to $10,000 on anyone who fails to pay fines. The law will also allow the government to seize property from people who fail to pay fines.",10.88992023
"<|endoftext|>Prior to this year's election, the Republican Party had a clear advantage in the state of Ohio. The GOP had a majority in both houses of the state legislature, and the governor was a Republican. But in the last few weeks, the GOP has lost","<|endoftext|>Prior to this, the only way to get a license was to get a court order. ""The court order is the only way to get a license,"" said attorney David L. Cohen, who represented the city in the case. The city's",2.421723843
<|endoftext|>Emphasised are the differences between the two groups. The study found that the majority of people who had been diagnosed with depression were not taking any medication. The study also found that people who had been diagnosed with depression were more likely to be taking antidepressants,<|endoftext|>Emphasised are the following rules: 1. No personal information will be shared with anyone. 2. No personal information will be shared with anyone who is under 18 years of age. 3. No personal information will be shared with anyone who,7.424836159
"<|endoftext|>To summarise, the main problem with the current system is that it is not designed to deal with the problem of the ""unfair"" distribution of income. The system is designed to deal with the problem of the ""unfair"" distribution of income.","<|endoftext|>To summarise, the evidence is that the evidence is that the evidence is that the evidence is that evidence evidence evidence evidence evidence evidence evidence evidence evidence evidence evidence evidence evidence evidence evidence evidence evidence evidence evidence evidence evidence evidence evidence evidence evidence evidence evidence evidence evidence evidence evidence evidence evidence",0.01301726885
"<|endoftext|>The relationship between the United States and Israel is one of the most important in the world. The United States has been Israel's closest ally since the end of World War II. The two countries have been at odds over the years over the Middle East, the Middle","<|endoftext|>The relationship between the United States and the United Kingdom is one of the most important in the world. The United States is the largest economy in the world, and the United Kingdom is the largest economy in the world. The United States is the largest military power in",7.208601952
"<|endoftext|>More importantly, the new rules will allow the government to use the money to pay for the cost of the new rail line, which will be built by the private sector. The government has already spent $1.5 billion on the line, which will run","<|endoftext|>More importantly, the court's decision will allow the state to continue to prosecute people who have been convicted of felony murder charges. The decision is a victory for prosecutors who have argued that the state's felony murder law is unconstitutional. The state Supreme Court",2.984077454
<|endoftext|>It has been shown that the brain is able to process information in a way that is not easily explained by the brain's usual processes. This is because the brain is able to process information in a way that is not easily explained by the brain's usual processes.,<|endoftext|>It has been shown that the brain is able to process information in a way that is not necessarily logical. This is because the brain is a logical machine. It is able to process information in a logical way. The brain is able to process information in a logical,7.608046055
"<|endoftext|>The issue focused on the use of the term ""white privilege"" to describe the privilege of being white. The issue focused on the use of the term ""white privilege"" to describe the privilege of being white. The issue focused on the use of the","<|endoftext|>The issue focused on the constitutionality of the law, which was passed in 2012. The court ruled that the law violated the constitution's guarantee of equal protection under the law. The law was passed in 2012, but the law was not implemented until January",5.34096241
"<|endoftext|>In this essay, I will discuss the role of the state in the development of the modern state. I will argue that the state is not a necessary condition for the development of the modern state, but rather a necessary condition for the development of the modern state. I","<|endoftext|>In this essay, I will discuss the history of the concept of ""the law of the jungle"" and its relationship to the law of law. I will argue that the law of the jungle is not a law of law, but a law of law law law law",-0.3526355326